Date,Name,Year,Letterboxd URI
2022-02-23,Annihilation,2018,https://boxd.it/9yzm
2022-02-23,28 Days Later,2002,https://boxd.it/2aXU
2022-02-23,Sunshine,2007,https://boxd.it/28Xy
2022-02-23,Jacob's Ladder,1990,https://boxd.it/270g
2022-02-23,Frailty,2001,https://boxd.it/1Sqe
2022-02-23,Dead Man's Shoes,2004,https://boxd.it/1R6C
2022-02-23,The Machinist,2004,https://boxd.it/248c
2022-02-23,Solaris,2002,https://boxd.it/27qS
2022-02-23,Primer,2004,https://boxd.it/6YA
2022-02-23,The Others,2001,https://boxd.it/27Po
2022-02-23,Memento,2000,https://boxd.it/2bcK
2022-02-23,Being John Malkovich,1999,https://boxd.it/2ahu
2022-02-23,eXistenZ,1999,https://boxd.it/27Ni
2022-02-23,A Tale of Two Sisters,2003,https://boxd.it/248m
2022-02-23,Audition,1999,https://boxd.it/1UHm
2022-02-23,The Thirteenth Floor,1999,https://boxd.it/294Y
2022-02-23,Dark City,1998,https://boxd.it/26uk
2022-02-23,Cube,1997,https://boxd.it/2aoU
2022-02-23,Twelve Monkeys,1995,https://boxd.it/2beQ
2022-02-23,Total Recall,1990,https://boxd.it/29qK
2022-02-23,Videodrome,1983,https://boxd.it/29uC
2022-02-23,Blade Runner,1982,https://boxd.it/2bcA
2022-02-23,Blade Runner 2049,2017,https://boxd.it/b8wK
2022-02-23,Eraserhead,1977,https://boxd.it/299u
2022-02-23,Wild at Heart,1990,https://boxd.it/2aii
2022-02-23,Mulholland Drive,2001,https://boxd.it/297o
2022-02-23,Lost Highway,1997,https://boxd.it/29Wc
2022-02-23,Tinker Tailor Soldier Spy,2011,https://boxd.it/FRY
2022-02-23,2001: A Space Odyssey,1968,https://boxd.it/2bf0
2022-02-23,Vanilla Sky,2001,https://boxd.it/27TK
2022-02-23,Shutter Island,2010,https://boxd.it/1U82
2022-02-23,The Wolf of Wall Street,2013,https://boxd.it/3C1m
2022-02-23,Taxi Driver,1976,https://boxd.it/2b8y
2022-02-23,GoodFellas,1990,https://boxd.it/29FA
2022-02-23,The Irishman,2019,https://boxd.it/dYOq
2022-02-23,The Departed,2006,https://boxd.it/28MA
2022-02-23,Casino,1995,https://boxd.it/2ads
2022-02-23,Mean Streets,1973,https://boxd.it/2aSU
2022-02-23,Heat,1995,https://boxd.it/2bg8
2022-02-23,The Godfather Part II,1974,https://boxd.it/2aNq
2022-02-23,Jackie Brown,1997,https://boxd.it/2aVO
2022-02-23,The Untouchables,1987,https://boxd.it/2b6i
2022-02-23,The Good Shepherd,2006,https://boxd.it/291g
2022-02-23,Righteous Kill,2008,https://boxd.it/1Qhk
2022-02-23,Once Upon a Time... in Hollywood,2019,https://boxd.it/gH0O
2022-02-23,The Godfather,1972,https://boxd.it/2aNK
2022-02-23,Scarface,1983,https://boxd.it/2b7g
2022-02-23,Dog Day Afternoon,1975,https://boxd.it/29bg
2022-02-23,The Godfather Part III,1990,https://boxd.it/2aN6
2022-02-23,Insomnia,2002,https://boxd.it/2aB0
2022-02-23,Ocean's Thirteen,2007,https://boxd.it/2aEy
2022-02-23,Donnie Brasco,1997,https://boxd.it/1YRA
2022-02-23,Carlito's Way,1993,https://boxd.it/226e
2022-02-23,Glengarry Glen Ross,1992,https://boxd.it/1Yw8
2022-02-23,The Insider,1999,https://boxd.it/1ZoE
2022-02-23,The Recruit,2003,https://boxd.it/28oS
2022-02-23,City Hall,1996,https://boxd.it/1UJs
2022-02-23,Rosemary's Baby,1968,https://boxd.it/29zM
2022-02-23,Fear and Loathing in Las Vegas,1998,https://boxd.it/27Xs
2022-02-23,Moon,2009,https://boxd.it/1IGQ
2022-02-23,Black Swan,2010,https://boxd.it/Sw0
2022-02-23,Magnolia,1999,https://boxd.it/2aze
2022-02-23,The Butterfly Effect,2004,https://boxd.it/27M0
2022-02-23,1408,2007,https://boxd.it/25Vu
2022-02-23,Antichrist,2009,https://boxd.it/1Inu
2022-02-23,Pi,1998,https://boxd.it/2ajq
2022-02-23,Donnie Darko,2001,https://boxd.it/2b2A
2022-02-23,Eternal Sunshine of the Spotless Mind,2004,https://boxd.it/6YK
2022-02-23,Inception,2010,https://boxd.it/1skk
2022-02-23,Vertigo,1958,https://boxd.it/2apI
2022-02-23,Psycho,1960,https://boxd.it/2ab2
2022-02-23,Rear Window,1954,https://boxd.it/2a6Q
2022-02-23,North by Northwest,1959,https://boxd.it/2aRM
2022-02-23,The Martian,2015,https://boxd.it/8SeG
2022-02-23,Drive,2011,https://boxd.it/IG
2022-02-23,Gangster Squad,2013,https://boxd.it/2TVa
2022-02-23,The Empire Strikes Back,1980,https://boxd.it/27Vw
2022-02-23,Star Wars: The Force Awakens,2015,https://boxd.it/4vru
2022-02-23,Return of the Jedi,1983,https://boxd.it/27Vm
2022-02-23,Apocalypse Now,1979,https://boxd.it/6ZS
2022-02-23,Raiders of the Lost Ark,1981,https://boxd.it/2bbs
2022-02-23,Indiana Jones and the Last Crusade,1989,https://boxd.it/2baO
2022-02-23,Indiana Jones and the Temple of Doom,1984,https://boxd.it/2bb8
2022-02-23,No Time to Die,2021,https://boxd.it/cPX2
2022-02-23,Skyfall,2012,https://boxd.it/17Fc
2022-02-23,Spectre,2015,https://boxd.it/6bXY
2022-02-23,Casino Royale,2006,https://boxd.it/1alk
2022-02-23,Quantum of Solace,2008,https://boxd.it/1Vs8
2022-02-23,Road to Perdition,2002,https://boxd.it/24Lo
2022-02-23,Layer Cake,2004,https://boxd.it/23LC
2022-02-23,Defiance,2008,https://boxd.it/1Pme
2022-02-23,Archangel,2005,https://boxd.it/GzFQ
2022-02-23,Goldfinger,1964,https://boxd.it/29SY
2022-02-23,GoldenEye,1995,https://boxd.it/29KU
2022-02-23,Dr. No,1962,https://boxd.it/29UU
2022-02-23,From Russia with Love,1963,https://boxd.it/29T8
2022-02-23,Die Another Day,2002,https://boxd.it/1a5G
2022-02-23,Tomorrow Never Dies,1997,https://boxd.it/29Kg
2022-02-23,The World Is Not Enough,1999,https://boxd.it/1a94
2022-02-23,Thunderball,1965,https://boxd.it/29SE
2022-02-23,On Her Majesty's Secret Service,1969,https://boxd.it/29Rm
2022-02-23,You Only Live Twice,1967,https://boxd.it/29Rw
2022-02-23,Live and Let Die,1973,https://boxd.it/2aLk
2022-02-23,The Spy Who Loved Me,1977,https://boxd.it/29NY
2022-02-23,Moonraker,1979,https://boxd.it/29MQ
2022-02-23,Diamonds Are Forever,1971,https://boxd.it/29Pg
2022-02-23,The Man with the Golden Gun,1974,https://boxd.it/29P6
2022-02-23,Licence to Kill,1989,https://boxd.it/29L4
2022-02-23,Octopussy,1983,https://boxd.it/29Mw
2022-02-23,A View to a Kill,1985,https://boxd.it/29Lo
2022-02-23,The Living Daylights,1987,https://boxd.it/29Le
2022-02-23,For Your Eyes Only,1981,https://boxd.it/29MG
2022-02-23,The Cannonball Run,1981,https://boxd.it/1UdQ
2022-02-23,The Rock,1996,https://boxd.it/1XM0
2022-02-23,Never Say Never Again,1983,https://boxd.it/1a5w
2022-02-23,Entrapment,1999,https://boxd.it/282i
2022-02-23,Mrs. Doubtfire,1993,https://boxd.it/29Cw
2022-02-23,Mars Attacks!,1996,https://boxd.it/2bd4
2022-02-23,The Thomas Crown Affair,1999,https://boxd.it/29im
2022-02-23,The Matador,2005,https://boxd.it/1Yum
2022-02-23,Hot Fuzz,2007,https://boxd.it/2416
2022-02-23,The Rocketeer,1991,https://boxd.it/1WIG
2022-02-23,The Goonies,1985,https://boxd.it/1YVC
2022-02-23,Mandy,2018,https://boxd.it/gtti
2022-02-23,Adaptation.,2002,https://boxd.it/26mA
2022-02-23,Pig,2021,https://boxd.it/nzoW
2022-02-23,Color Out of Space,2019,https://boxd.it/k1HY
2022-02-23,Fast Times at Ridgemont High,1982,https://boxd.it/1QnM
2022-02-23,Gone in Sixty Seconds,2000,https://boxd.it/1Y4y
2022-02-23,Blue Velvet,1986,https://boxd.it/29BI
2022-02-23,October Sky,1999,https://boxd.it/1Q7u
2022-02-23,The Lighthouse,2019,https://boxd.it/icFU
2022-02-23,American Psycho,2000,https://boxd.it/28Vs
2022-02-23,John Wick,2014,https://boxd.it/7dEc
2022-02-23,The Life Aquatic with Steve Zissou,2004,https://boxd.it/2aqw
2022-02-23,Nightmare Alley,2021,https://boxd.it/m0HC
2022-02-23,The Boondock Saints,1999,https://boxd.it/20gw
2022-02-23,The Elephant Man,1980,https://boxd.it/27LQ
2022-02-23,Twin Peaks: Fire Walk with Me,1992,https://boxd.it/27Qw
2022-02-23,WHAT DID JACK DO?,2017,https://boxd.it/jcWe
2022-02-23,Rabbits,2002,https://boxd.it/SaI
2022-02-23,Office Space,1999,https://boxd.it/28Em
2022-02-23,Band of Brothers,2001,https://boxd.it/aRNY
2022-02-23,The 40 Year Old Virgin,2005,https://boxd.it/21hK
2022-02-23,Anchorman: The Legend of Ron Burgundy,2004,https://boxd.it/1ZVo
2022-02-23,Bruce Almighty,2003,https://boxd.it/2aCC
2022-02-23,Role Models,2008,https://boxd.it/1MmK
2022-02-23,Mute,2018,https://boxd.it/e6nW
2022-02-23,American Pie,1999,https://boxd.it/27qy
2022-02-23,"Dude, Where's My Car?",2000,https://boxd.it/1ZJi
2022-02-23,Jay and Silent Bob Strike Back,2001,https://boxd.it/26ZM
2022-02-23,The Rundown,2003,https://boxd.it/1WWo
2022-02-23,Clerks,1994,https://boxd.it/2706
2022-02-23,Dogma,1999,https://boxd.it/284e
2022-02-23,Chasing Amy,1997,https://boxd.it/274W
2022-02-23,Mallrats,1995,https://boxd.it/26ZW
2022-02-23,Clerks II,2006,https://boxd.it/26ZC
2022-02-23,Tropic Thunder,2008,https://boxd.it/20WM
2022-02-23,Zoolander,2001,https://boxd.it/1YMA
2022-02-23,Happy Gilmore,1996,https://boxd.it/1Yey
2022-02-23,Orange County,2002,https://boxd.it/1SVc
2022-02-23,Punch-Drunk Love,2002,https://boxd.it/20E4
2022-02-23,Big Daddy,1999,https://boxd.it/1ZkW
2022-02-23,Billy Madison,1995,https://boxd.it/1UQI
2022-02-23,The Waterboy,1998,https://boxd.it/1VHi
2022-02-23,The Longest Yard,2005,https://boxd.it/1Z3c
2022-02-23,Mr. Deeds,2002,https://boxd.it/27BQ
2022-02-23,School of Rock,2003,https://boxd.it/28xK
2022-02-23,Nacho Libre,2006,https://boxd.it/1YTG
2022-02-23,Tenacious D in The Pick of Destiny,2006,https://boxd.it/27go
2022-02-23,Good Will Hunting,1997,https://boxd.it/2ahY
2022-02-23,Dead Poets Society,1989,https://boxd.it/2aSg
2022-02-23,Hook,1991,https://boxd.it/29nQ
2022-02-23,Flubber,1997,https://boxd.it/1YkQ
2022-02-23,Bicentennial Man,1999,https://boxd.it/2722
2022-02-23,Jack,1996,https://boxd.it/21au
2022-02-23,Elf,2003,https://boxd.it/1VyK
2022-02-23,Step Brothers,2008,https://boxd.it/1SsE
2022-02-23,Austin Powers: International Man of Mystery,1997,https://boxd.it/29y0
2022-02-23,The Other Guys,2010,https://boxd.it/1rtq
2022-02-23,Austin Powers: The Spy Who Shagged Me,1999,https://boxd.it/29xQ
2022-02-23,Talladega Nights: The Ballad of Ricky Bobby,2006,https://boxd.it/1XYq
2022-02-23,Between Two Ferns: The Movie,2019,https://boxd.it/lw9g
2022-02-23,Inglourious Basterds,2009,https://boxd.it/1JzG
2022-02-23,Shrek,2001,https://boxd.it/29zi
2022-02-23,Wayne's World,1992,https://boxd.it/1ZHG
2022-02-23,Austin Powers in Goldmember,2002,https://boxd.it/29xG
2022-02-23,Pulp Fiction,1994,https://boxd.it/29Pq
2022-02-23,Django Unchained,2012,https://boxd.it/2cCk
2022-02-23,Reservoir Dogs,1992,https://boxd.it/2agc
2022-02-23,The Hateful Eight,2015,https://boxd.it/8gw8
2022-02-23,Fight Club,1999,https://boxd.it/2a9q
2022-02-23,Se7en,1995,https://boxd.it/29zs
2022-02-23,Ocean's Eleven,2001,https://boxd.it/2aZm
2022-02-23,World War Z,2013,https://boxd.it/2p2E
2022-02-23,Ocean's Twelve,2004,https://boxd.it/2aZ2
2022-02-23,Hostel,2005,https://boxd.it/28ig
2022-02-23,Rat Race,2001,https://boxd.it/1XAo
2022-02-23,Sex Drive,2008,https://boxd.it/1PZg
2022-02-23,The Hangover,2009,https://boxd.it/1GjK
2022-02-23,"Hail, Caesar!",2016,https://boxd.it/881G
2022-02-23,"O Brother, Where Art Thou?",2000,https://boxd.it/2b3I
2022-02-23,"South Park: Bigger, Longer & Uncut",1999,https://boxd.it/1YAO
2022-02-23,Snowpiercer,2013,https://boxd.it/3Icg
2022-02-23,Suspiria,2018,https://boxd.it/cioI
2022-02-23,Alien,1979,https://boxd.it/2awY
2022-02-23,Spaceballs,1987,https://boxd.it/29cy
2022-02-23,Mission: Impossible,1996,https://boxd.it/29d2
2022-02-23,Young Frankenstein,1974,https://boxd.it/25To
2022-02-23,Blazing Saddles,1974,https://boxd.it/1UHQ
2022-02-23,Robin Hood: Men in Tights,1993,https://boxd.it/20H8
2022-02-23,Independence Day,1996,https://boxd.it/2a1w
2022-02-23,Casper,1995,https://boxd.it/1ZMw
2022-02-23,Lost in Translation,2003,https://boxd.it/2b0E
2022-02-23,Zombieland,2009,https://boxd.it/1En6
2022-02-23,Ghostbusters,1984,https://boxd.it/g2w
2022-02-23,Space Jam,1996,https://boxd.it/26YO
2022-02-23,Ghostbusters II,1989,https://boxd.it/261s
2022-02-23,Interstellar,2014,https://boxd.it/4VZ8
2022-02-23,Saving Private Ryan,1998,https://boxd.it/29ro
2022-02-23,EuroTrip,2004,https://boxd.it/1YTQ
2022-02-23,The Big Lebowski,1998,https://boxd.it/2b6C
2022-02-23,Argo,2012,https://boxd.it/2czU
2022-02-23,Fargo,1996,https://boxd.it/2aHM
2022-02-23,The Ballad of Buster Scruggs,2018,https://boxd.it/jB2q
2022-02-23,Bridge of Spies,2015,https://boxd.it/9n9C
2022-02-23,Tron,1982,https://boxd.it/2b9w
2022-02-23,TRON: Legacy,2010,https://boxd.it/1Dlo
2022-02-23,"The Good, the Bad and the Ugly",1966,https://boxd.it/2ape
2022-02-23,Gran Torino,2008,https://boxd.it/1Qzy
2022-02-23,A Fistful of Dollars,1964,https://boxd.it/2auo
2022-02-23,For a Few Dollars More,1965,https://boxd.it/29eu
2022-02-23,Escape from Alcatraz,1979,https://boxd.it/1Vwk
2022-02-23,Men in Black,1997,https://boxd.it/2a0I
2022-02-23,The Expendables,2010,https://boxd.it/1rtA
2022-02-23,Terminator 2: Judgment Day,1991,https://boxd.it/2aGY
2022-02-23,The Terminator,1984,https://boxd.it/2aQY
2022-02-23,Better Off Dead...,1985,https://boxd.it/1PFU
2022-02-23,The Death of Stalin,2017,https://boxd.it/ea9Y
2022-02-23,Forrest Gump,1994,https://boxd.it/728
2022-02-23,Toy Story,1995,https://boxd.it/29qA
2022-02-23,Catch Me If You Can,2002,https://boxd.it/29VS
2022-02-23,Toy Story 2,1999,https://boxd.it/29qq
2022-02-23,The Green Mile,1999,https://boxd.it/2agG
2022-02-23,Cast Away,2000,https://boxd.it/20i8
2022-02-23,The Terminal,2004,https://boxd.it/2a2O
2022-02-23,Apollo 13,1995,https://boxd.it/2a6G
2022-02-23,Max Payne,2008,https://boxd.it/1QXq
2022-02-23,"Honey, We Shrunk Ourselves",1997,https://boxd.it/1TS4
2022-02-23,"Honey, I Shrunk the Kids",1989,https://boxd.it/1YTw
2022-02-23,The Flintstones,1994,https://boxd.it/29mo
2022-02-23,Howl's Moving Castle,2004,https://boxd.it/23De
2022-02-23,The Dangerous Lives of Altar Boys,2002,https://boxd.it/1JBi
2022-02-23,Hotel Chevalier,2007,https://boxd.it/21Ic
2022-02-23,The Platform,2019,https://boxd.it/mUm6
2022-02-23,1917,2019,https://boxd.it/jj4y
2022-02-23,Braindead,1992,https://boxd.it/29Gy
2022-02-23,Dune,2021,https://boxd.it/fA7G
2022-02-23,The House of the Devil,2009,https://boxd.it/1uIe
2022-02-23,1922,2017,https://boxd.it/g8CS
2022-02-23,Swordfish,2001,https://boxd.it/1Y0m
2022-02-23,Arrival,2016,https://boxd.it/aNGk
2022-02-23,The Town,2010,https://boxd.it/1zyS
2022-02-23,S.W.A.T.,2003,https://boxd.it/1Z8G
2022-02-23,Star Wars: Episode II – Attack of the Clones,2002,https://boxd.it/27V2
2022-02-23,Star Wars: Episode I – The Phantom Menace,1999,https://boxd.it/27Vc
2022-02-23,Dazed and Confused,1993,https://boxd.it/1Ylk
2022-02-23,Phone Booth,2002,https://boxd.it/285G
2022-02-23,Resident Evil,2002,https://boxd.it/28z2
2022-02-23,THX 1138,1971,https://boxd.it/29Ww
2022-02-23,Mortal Kombat,2021,https://boxd.it/gswA
2022-02-23,The Dark Knight,2008,https://boxd.it/2b0k
2022-02-23,Titanic,1997,https://boxd.it/2a2k
2022-02-23,The Revenant,2015,https://boxd.it/8H5e
2022-02-23,Pirates of Silicon Valley,1999,https://boxd.it/25vm
2022-02-23,Source Code,2011,https://boxd.it/fdo
2022-02-23,Edward Scissorhands,1990,https://boxd.it/2aZc
2022-02-23,Charlie and the Chocolate Factory,2005,https://boxd.it/2b68
2022-02-23,Pirates of the Caribbean: The Curse of the Black Pearl,2003,https://boxd.it/70G
2022-02-23,Public Enemies,2009,https://boxd.it/1U8m
2022-02-23,Black Mass,2015,https://boxd.it/7K2g
2022-02-23,Blow,2001,https://boxd.it/24Mm
2022-02-23,Beetlejuice,1988,https://boxd.it/24QI
2022-02-23,Star Trek,2009,https://boxd.it/1Q6c
2022-02-23,John Wick: Chapter 2,2017,https://boxd.it/ayGu
2022-02-23,The Addams Family,1991,https://boxd.it/267g
2022-02-23,The 51st State,2001,https://boxd.it/28tS
2022-02-23,I Am Legend,2007,https://boxd.it/21DG
2022-02-23,Men in Black II,2002,https://boxd.it/2a0y
2022-02-23,Hancock,2008,https://boxd.it/1Zv6
2022-02-23,Bad Boys II,2003,https://boxd.it/1ZuW
2022-02-23,Wild Wild West,1999,https://boxd.it/205y
2022-02-23,An American Werewolf in London,1981,https://boxd.it/29yk
2022-02-23,A Clockwork Orange,1971,https://boxd.it/2aVE
2022-02-23,Full Metal Jacket,1987,https://boxd.it/2a1Q
2022-02-23,Dr. Strangelove or: How I Learned to Stop Worrying and Love the Bomb,1964,https://boxd.it/29eY
2022-02-23,I ♥ Huckabees,2004,https://boxd.it/28vk
2022-02-23,American History X,1998,https://boxd.it/2bdo
2022-02-23,The House That Jack Built,2018,https://boxd.it/dWO4
2022-02-23,Labyrinth,1986,https://boxd.it/1POC
2022-02-23,Requiem for a Dream,2000,https://boxd.it/29VI
2022-02-23,What We Do in the Shadows,2014,https://boxd.it/7eQy
2022-02-23,UHF,1989,https://boxd.it/1SFI
2022-02-23,The Ritual,2017,https://boxd.it/fo0I
2022-02-23,The Witch,2015,https://boxd.it/9X0m
2022-02-23,The Disaster Artist,2017,https://boxd.it/cTqc
2022-02-23,The Room,2003,https://boxd.it/1ICY
2022-02-23,Smokey and the Bandit,1977,https://boxd.it/1USk
2022-02-23,Smokey and the Bandit II,1980,https://boxd.it/1Rno
2022-02-23,Ready Player One,2018,https://boxd.it/aZes
2022-02-23,Jurassic Park,1993,https://boxd.it/2aA2
2022-02-23,Schindler's List,1993,https://boxd.it/2aq2
2022-02-23,E.T. the Extra-Terrestrial,1982,https://boxd.it/2a1G
2022-02-23,Midsommar,2019,https://boxd.it/jhxe
2022-02-23,Hereditary,2018,https://boxd.it/hNVe
2022-02-23,The Strange Thing About the Johnsons,2011,https://boxd.it/56nO
2022-02-23,Trainspotting,1996,https://boxd.it/29XY
2022-02-23,Mass Effect: Paragon Lost,2012,https://boxd.it/3Y06
2022-02-23,Duck Soup,1933,https://boxd.it/25PG
2022-02-23,A Night at the Opera,1935,https://boxd.it/17G0
2022-02-23,Animal Crackers,1930,https://boxd.it/1P9u
2022-02-23,Monkey Business,1931,https://boxd.it/1P9O
2022-02-23,Horse Feathers,1932,https://boxd.it/1P9E
2022-02-23,A Day at the Races,1937,https://boxd.it/1SIM
2022-02-23,"As Above, So Below",2014,https://boxd.it/7yui
2022-02-23,The Social Network,2010,https://boxd.it/17ue
2022-02-23,Shaun of the Dead,2004,https://boxd.it/29J8
2022-02-23,Veronica,2017,https://boxd.it/fHXa
2022-02-23,Matilda,1996,https://boxd.it/1VhY
2022-02-23,The Truman Show,1998,https://boxd.it/18U8
2022-02-23,How the Grinch Stole Christmas,2000,https://boxd.it/1ZHQ
2022-02-23,The Mask,1994,https://boxd.it/29rS
2022-02-23,Dumb and Dumber,1994,https://boxd.it/206m
2022-02-23,Ace Ventura: Pet Detective,1994,https://boxd.it/25RW
2022-02-23,Jim & Andy: The Great Beyond,2017,https://boxd.it/gO36
2022-02-23,Back to the Future,1985,https://boxd.it/2b8e
2022-02-23,Back to the Future Part II,1989,https://boxd.it/2aYI
2022-02-23,Who Framed Roger Rabbit,1988,https://boxd.it/29ry
2022-02-23,Wreck-It Ralph,2012,https://boxd.it/2TTS
2022-02-23,Black Hawk Down,2001,https://boxd.it/29rI
2022-02-23,Zack and Miri Make a Porno,2008,https://boxd.it/1WsI
2022-02-23,Pineapple Express,2008,https://boxd.it/1WRS
2022-02-23,Napoleon Dynamite,2004,https://boxd.it/20wu
2022-02-23,Super Mario Bros.,1993,https://boxd.it/1YfG
2022-02-23,Jackass: The Movie,2002,https://boxd.it/1Zo0
2022-02-23,Jackass Number Two,2006,https://boxd.it/1SyM
2022-02-23,CKY2K,2000,https://boxd.it/1ydO
2022-02-23,Landspeed presents: CKY,1999,https://boxd.it/1ydY
2022-02-23,Steve-O: Demise and Rise,2009,https://boxd.it/2uVO
2022-02-23,The Simpsons Movie,2007,https://boxd.it/6YU
2022-02-23,"Murder, My Sweet",1944,https://boxd.it/283U
2022-02-23,Star Wars: Episode III – Revenge of the Sith,2005,https://boxd.it/27US
2022-02-23,Star Wars,1977,https://boxd.it/72s
2022-02-24,A Hard Day's Night,1964,https://boxd.it/29LS
2022-02-24,Help!,1965,https://boxd.it/1NiE
2022-02-24,Sound City,2013,https://boxd.it/4VtQ
2022-02-24,Pink Floyd: Live at Pompeii,1972,https://boxd.it/1v90
2022-02-24,Doom,2005,https://boxd.it/1ZOW
2022-02-26,Charlie Wilson's War,2007,https://boxd.it/21yc
2022-02-26,Joe Dirt,2001,https://boxd.it/1UZ6
2022-02-26,National Lampoon's Vacation,1983,https://boxd.it/1Uvq
2022-02-26,Super Troopers,2001,https://boxd.it/12Rs
2022-02-26,Beerfest,2006,https://boxd.it/1XmG
2022-03-07,Face/Off,1997,https://boxd.it/29I0
2022-03-19,Dunkirk,2017,https://boxd.it/d0Y6
2022-03-21,Chinatown,1974,https://boxd.it/29vU
2022-03-25,Oldboy,2003,https://boxd.it/29R2
2022-03-26,The Deer Hunter,1978,https://boxd.it/1T6O
2022-03-28,Stalker,1979,https://boxd.it/28PO
2022-04-01,No Country for Old Men,2007,https://boxd.it/21ew
2022-04-09,Miller's Crossing,1990,https://boxd.it/2avG
2022-04-17,True Romance,1993,https://boxd.it/2aBa
2022-04-23,Häxan,1922,https://boxd.it/n4O
2022-04-30,The Driver,1978,https://boxd.it/27jW
2022-05-02,The Dead Zone,1983,https://boxd.it/1U6g
2022-05-09,Beyond the Black Rainbow,2010,https://boxd.it/EzY
2022-05-13,Under the Skin,2013,https://boxd.it/3mDa
2022-05-15,The Northman,2022,https://boxd.it/nK2s
2022-05-22,The Thing,1982,https://boxd.it/294O
2022-05-30,Thief,1981,https://boxd.it/1TEc
2022-06-03,John Wick: Chapter 3 – Parabellum,2019,https://boxd.it/gmFw
2022-06-06,Scanners,1981,https://boxd.it/1YqE
2022-06-07,The Wicker Man,1973,https://boxd.it/1KnG
2022-06-08,The Royal Tenenbaums,2001,https://boxd.it/1YHU
2022-06-08,The Fifth Element,1997,https://boxd.it/71k
2022-06-11,The Grand Budapest Hotel,2014,https://boxd.it/3ZqO
2022-06-15,They Live,1988,https://boxd.it/20lm
2022-06-15,Burn After Reading,2008,https://boxd.it/23BW
2022-06-17,Everything Everywhere All at Once,2022,https://boxd.it/jUk4
2022-06-18,The Unbearable Weight of Massive Talent,2022,https://boxd.it/o6eK
2022-06-18,Moonrise Kingdom,2012,https://boxd.it/2Wng
2022-06-20,Aliens,1986,https://boxd.it/29PA
2022-06-25,Crimes of the Future,2022,https://boxd.it/uTuY
2022-06-27,The Science of Sleep,2006,https://boxd.it/2aEe
2022-07-05,A Quiet Place,2018,https://boxd.it/fVJQ
2022-07-17,The Black Phone,2021,https://boxd.it/sqFE
2022-07-18,Superbad,2007,https://boxd.it/20hO
2022-07-25,A Most Violent Year,2014,https://boxd.it/75Va
2022-09-03,The Gray Man,2022,https://boxd.it/rb7q
2022-10-30,Relic,2020,https://boxd.it/jEwS
2022-11-05,All Quiet on the Western Front,2022,https://boxd.it/H08
2022-11-13,Predator,1987,https://boxd.it/2b84
2022-11-24,RoboCop,1987,https://boxd.it/22Wu
2022-11-24,Enemy,2013,https://boxd.it/5xtO
2022-11-27,Ex Machina,2015,https://boxd.it/7T2k
2022-12-31,Logan Lucky,2017,https://boxd.it/dZrs
2023-01-02,Escape from New York,1981,https://boxd.it/294k
2023-01-07,Twin Peaks,1989,https://boxd.it/g8pk
2023-01-09,Demolition Man,1993,https://boxd.it/1XVm
2023-01-22,King of New York,1990,https://boxd.it/1Ynq
2023-01-27,Between Two Worlds,2014,https://boxd.it/khrC
2023-02-02,Twin Peaks: The Missing Pieces,2014,https://boxd.it/8NH4
2023-02-12,Upgrade,2018,https://boxd.it/i4gW
2023-02-19,Seven Psychopaths,2012,https://boxd.it/34PW
2023-03-06,They Shall Not Grow Old,2018,https://boxd.it/jP62
2023-03-07,The Banshees of Inisherin,2022,https://boxd.it/p7XS
2023-03-09,Event Horizon,1997,https://boxd.it/20d8
2023-03-25,In Bruges,2008,https://boxd.it/20n8
2023-04-03,The French Dispatch,2021,https://boxd.it/jLP8
2023-04-09,To Live and Die in L.A.,1985,https://boxd.it/1XFo
2023-04-15,Death Race 2000,1975,https://boxd.it/1QuI
2023-04-16,"Lock, Stock and Two Smoking Barrels",1998,https://boxd.it/2b92
2023-04-23,Vanishing Point,1971,https://boxd.it/1SH0
2023-04-30,Tetris,2023,https://boxd.it/rePK
2023-05-14,"Three Billboards Outside Ebbing, Missouri",2017,https://boxd.it/ceBS
2023-05-21,Twin Peaks: The Return,2017,https://boxd.it/hN9O
2023-05-23,Pink Floyd: The Wall,1982,https://boxd.it/1Sxk
2023-06-03,John Wick: Chapter 4,2023,https://boxd.it/mh48
2023-06-08,A Most Wanted Man,2014,https://boxd.it/4WCE
2023-06-13,BlackBerry,2023,https://boxd.it/CoVK
2023-06-14,Nosferatu,1922,https://boxd.it/29TM
2023-06-14,The Roaring Twenties,1939,https://boxd.it/17J4
2023-06-16,Little Caesar,1931,https://boxd.it/1qIu
2023-06-17,The Public Enemy,1931,https://boxd.it/1IdY
2023-06-18,Scarface,1932,https://boxd.it/29oa
2023-06-20,The Maltese Falcon,1941,https://boxd.it/29c4
2023-06-21,Snatch,2000,https://boxd.it/2b7U
2023-06-25,The Artifice Girl,2022,https://boxd.it/B8tI
2023-06-29,Nosferatu the Vampyre,1979,https://boxd.it/21J0
2023-07-05,Witchcraft Through the Ages,1968,https://boxd.it/eADU
2023-07-16,The Big Sleep,1946,https://boxd.it/29iQ
2023-07-29,Kill List,2011,https://boxd.it/2z4g
2023-08-07,The Fly,1986,https://boxd.it/1YIe
2023-08-12,The Brood,1979,https://boxd.it/1ovS
2023-08-19,Slacker,1990,https://boxd.it/1OUu
2023-08-26,Metropolis,1927,https://boxd.it/71a
2023-08-28,The Shining,1980,https://boxd.it/29Nu
2023-09-01,Starship Troopers,1997,https://boxd.it/2a7k
2023-09-02,Lady Snowblood,1973,https://boxd.it/26Fi
2023-09-02,The Evil Dead,1981,https://boxd.it/29Go
2023-09-03,Kill Bill: Vol. 1,2003,https://boxd.it/70w
2023-09-04,Evil Dead II,1987,https://boxd.it/29Ge
2023-09-09,Army of Darkness,1992,https://boxd.it/29G4
2023-09-09,In the Mood for Love,2000,https://boxd.it/29tE
2023-09-10,2046,2004,https://boxd.it/29tu
2023-09-16,Night of the Living Dead,1968,https://boxd.it/1WwA
2023-09-17,Dawn of the Dead,1978,https://boxd.it/29gU
2023-09-22,Day of the Dead,1985,https://boxd.it/20dM
2023-09-24,Rope,1948,https://boxd.it/28yo
2023-09-30,Carnival of Souls,1962,https://boxd.it/1KQ4
2023-10-01,The Man Who Knew Too Much,1956,https://boxd.it/2a5S
2023-10-02,Female Prisoner Scorpion: #701,1972,https://boxd.it/2rKo
2023-10-07,Talk to Me,2022,https://boxd.it/C6uQ
2023-10-07,Barbarian,2022,https://boxd.it/yohi
2023-10-08,Rabid,1977,https://boxd.it/1nuk
2023-10-13,Shivers,1975,https://boxd.it/1rPG
2023-10-15,Green Room,2015,https://boxd.it/a75m
2023-10-21,Lake Mungo,2008,https://boxd.it/1rWM
2023-10-22,Shadow of the Vampire,2000,https://boxd.it/1Vb2
2023-10-28,Infinity Pool,2023,https://boxd.it/oPSK
2023-10-28,Possessor,2020,https://boxd.it/fsJW
2023-11-03,Female Prisoner Scorpion: Jailhouse 41,1972,https://boxd.it/1326
2023-11-04,The Tenant,1976,https://boxd.it/1TKk
2023-11-11,Kill Bill: Vol. 2,2004,https://boxd.it/2au4
2023-11-18,The Killer,2023,https://boxd.it/u6WE
2023-11-22,Female Prisoner Scorpion: Beast Stable,1973,https://boxd.it/1cvc
2023-11-23,Django,1966,https://boxd.it/1Vr0
2023-11-24,The 39 Steps,1935,https://boxd.it/2aKc
2023-11-25,Evil Dead,2013,https://boxd.it/3GPq
2023-11-26,Evil Dead Rise,2023,https://boxd.it/qIvo
2023-12-01,Asteroid City,2023,https://boxd.it/s3ds
2023-12-02,Oppenheimer,2023,https://boxd.it/wUow
2023-12-08,The Guest,2014,https://boxd.it/76RS
2023-12-16,Female Prisoner Scorpion: #701's Grudge Song,1973,https://boxd.it/rXS
2023-12-17,Solaris,1972,https://boxd.it/2a2Y
2023-12-23,Zatoichi Goes to the Fire Festival,1970,https://boxd.it/uFC
2023-12-23,Side by Side,2012,https://boxd.it/3Ijm
2023-12-25,Gattaca,1997,https://boxd.it/29Du
2023-12-30,Heavy Metal,1981,https://boxd.it/1SZI
2024-01-05,The Man Who Shot Liberty Valance,1962,https://boxd.it/1Tdg
2024-01-12,The Killing,1956,https://boxd.it/2aMi
2024-01-13,Cobra,1986,https://boxd.it/1XDM
2024-01-26,Dream Scenario,2023,https://boxd.it/v2h0
2024-01-28,I'm Thinking of Ending Things,2020,https://boxd.it/i4IQ
2024-02-01,Devs,2020,https://boxd.it/ppHI
2024-02-05,Hanzo the Razor: Sword of Justice,1972,https://boxd.it/1Jdg
2024-02-10,The Wild Bunch,1969,https://boxd.it/2a5y
2024-02-16,Lone Wolf and Cub: Sword of Vengeance,1972,https://boxd.it/Zia
2024-02-17,When Evil Lurks,2023,https://boxd.it/rXBe
2024-02-19,The Running Man,1987,https://boxd.it/29q6
2024-02-23,Hang 'em High,1968,https://boxd.it/23Ec
2024-03-04,The Gentlemen,2019,https://boxd.it/iYBQ
2024-03-05,X,2022,https://boxd.it/sxVa
2024-03-06,Pearl,2022,https://boxd.it/zPbe
2024-03-23,From Dusk Till Dawn,1996,https://boxd.it/29HQ
2024-03-31,The Crow,1994,https://boxd.it/1Yxq
2024-04-13,I Trapped the Devil,2019,https://boxd.it/jA8W
2024-04-27,Dune: Part Two,2024,https://boxd.it/pUfA
2024-05-26,The Nice Guys,2016,https://boxd.it/94Hg
2024-05-27,Big Trouble in Little China,1986,https://boxd.it/21em
2024-05-28,Midnight Run,1988,https://boxd.it/1ZnQ
2024-06-04,The Russia House,1990,https://boxd.it/1WUC
2024-06-05,The Courier,2020,https://boxd.it/iX7A
2024-06-07,The Spy Who Came In from the Cold,1965,https://boxd.it/1PQS
2024-06-09,Bullitt,1968,https://boxd.it/29i2
2024-06-11,Funeral in Berlin,1966,https://boxd.it/1dVK
2024-06-12,The Matrix,1999,https://boxd.it/2a1m
2024-06-13,Godzilla Minus One,2023,https://boxd.it/zu4c
2024-06-14,We Need to Talk About Kevin,2011,https://boxd.it/2pTS
2024-06-15,Equilibrium,2002,https://boxd.it/211s
2024-06-18,"Synecdoche, New York",2008,https://boxd.it/23zw
2024-06-18,The Treasure of the Sierra Madre,1948,https://boxd.it/25Lk
2024-06-18,Outland,1981,https://boxd.it/1W0E
2024-06-21,After Hours,1985,https://boxd.it/1VfS
2024-06-22,High Life,2018,https://boxd.it/d6bk
2024-06-25,The Ministry of Ungentlemanly Warfare,2024,https://boxd.it/u5zu
2024-06-26,Locke,2013,https://boxd.it/6hHC
2024-07-04,The Ambassador,2011,https://boxd.it/2XEM
2024-07-05,Confessions of a Dangerous Mind,2002,https://boxd.it/23Gi
2024-07-06,The Ninth Configuration,1980,https://boxd.it/1G4q
2024-07-07,The Long Goodbye,1973,https://boxd.it/281O
2024-07-27,12 Angry Men,1957,https://boxd.it/2auI
2024-07-28,Shadow of a Doubt,1943,https://boxd.it/1BtA
2024-09-02,Ronin,1998,https://boxd.it/20wa
2024-09-12,The Conversation,1974,https://boxd.it/2a38
2024-09-22,The Searchers,1956,https://boxd.it/25HC
2024-09-27,From Russia with Lev,2024,https://boxd.it/QcI8
2024-10-12,Children of Men,2006,https://boxd.it/1Y2i
2024-10-14,The Thomas Crown Affair,1968,https://boxd.it/29iw
2024-10-19,The Wailing,2016,https://boxd.it/9fLy
2024-10-20,Soylent Green,1973,https://boxd.it/1SxE
2024-10-26,The Exorcist,1973,https://boxd.it/1Yoo
2024-10-27,Dark Star,1974,https://boxd.it/28Ow
2024-11-09,There Will Be Blood,2007,https://boxd.it/20Z2
2024-11-18,Harakiri,1962,https://boxd.it/1NTU
2024-11-24,Three Days of the Condor,1975,https://boxd.it/1SF4
2024-12-10,Yojimbo,1961,https://boxd.it/1SRY
2024-12-27,The Getaway,1972,https://boxd.it/22lS
2024-12-29,Strange Days,1995,https://boxd.it/2aGO
2025-01-04,Casablanca,1942,https://boxd.it/2aG0
2025-01-05,Colossus: The Forbin Project,1970,https://boxd.it/1Nmw
2025-01-06,Broken Flowers,2005,https://boxd.it/2aCW
2025-01-13,Decoder,1984,https://boxd.it/3bUE
2025-01-19,David Lynch: The Art Life,2016,https://boxd.it/eASq
2025-01-25,Nosferatu,2024,https://boxd.it/f5eG
2025-02-01,Tombstone,1993,https://boxd.it/1SE6
2025-02-08,The Man from U.N.C.L.E.,2015,https://boxd.it/67lG
2025-02-24,To Catch a Thief,1955,https://boxd.it/2avm
2025-03-08,The Man from Earth,2007,https://boxd.it/1Ql2
2025-03-11,The Toxic Avenger,1984,https://boxd.it/1MAi
2025-03-23,Split Second,1992,https://boxd.it/1R2q
2025-03-23,Trancers,1984,https://boxd.it/22Ma
2025-03-28,Westworld,1973,https://boxd.it/26RS
2025-03-29,The Asphalt Jungle,1950,https://boxd.it/1Jrs
2025-03-29,The Place Beyond the Pines,2012,https://boxd.it/3mDu
2025-03-29,Kingsman: The Secret Service,2014,https://boxd.it/6dxe
2025-03-29,The Lord of the Rings: The Fellowship of the Ring,2001,https://boxd.it/2b5O
2025-03-29,Inland Empire,2006,https://boxd.it/28d6
2025-03-29,Due Date,2010,https://boxd.it/YFs
2025-03-29,The Mole: Undercover in North Korea,2020,https://boxd.it/scR2
2025-03-29,Jurassic World,2015,https://boxd.it/4n0g
2025-03-29,Jackass Presents: Bad Grandpa,2013,https://boxd.it/6e3u
2025-03-29,The Parallax View,1974,https://boxd.it/1ILG
2025-03-29,Dune,1984,https://boxd.it/29tY
2025-03-29,The Prestige,2006,https://boxd.it/293w
2025-03-29,Gravity,2013,https://boxd.it/GZY
2025-03-29,Yellow Submarine,1968,https://boxd.it/1Sxa
2025-03-29,Silicon Cowboys,2016,https://boxd.it/dg9e
2025-03-29,Southland Tales,2006,https://boxd.it/23Uu
2025-03-29,Mad Max: Fury Road,2015,https://boxd.it/2DjO
2025-03-29,Baby Driver,2017,https://boxd.it/bhF2
2025-03-29,M3GAN,2022,https://boxd.it/jxmG
2025-03-29,The Wicker Man,2006,https://boxd.it/1XZS
2025-03-30,Collateral,2004,https://boxd.it/28F0
2025-04-05,Universal Soldier,1992,https://boxd.it/1YUa
2025-04-06,Last Action Hero,1993,https://boxd.it/1YhW
2025-04-13,Blue Ruin,2013,https://boxd.it/5H8G
2025-04-19,Commando,1985,https://boxd.it/1UTs
2025-04-20,Onibaba,1964,https://boxd.it/252a
2025-04-27,Nighthawks,1981,https://boxd.it/1BCs
2025-05-04,Eastern Promises,2007,https://boxd.it/275q
2025-05-10,Heretic,2024,https://boxd.it/H1lY
2025-05-17,Minority Report,2002,https://boxd.it/2aWi
2025-05-25,My Darling Clementine,1946,https://boxd.it/25LE
2025-06-10,The Holy Mountain,1973,https://boxd.it/20mu
2025-06-12,Warfare,2025,https://boxd.it/LbRo
2025-06-13,The Big Heat,1953,https://boxd.it/1NNM
2025-06-14,Swallow,2019,https://boxd.it/lA0i
2025-06-23,American Made,2017,https://boxd.it/bb66
2025-06-24,The Phoenician Scheme,2025,https://boxd.it/H0Ca
2025-06-25,The French Connection,1971,https://boxd.it/296g
2025-07-06,Gun Crazy,1950,https://boxd.it/1Gw0
2025-07-12,Elephant,2003,https://boxd.it/287i
2025-07-20,The Shrouds,2024,https://boxd.it/AEZa
2025-07-26,Citizen Kane,1941,https://boxd.it/71O
2025-07-28,Stagecoach,1939,https://boxd.it/297S
2025-08-04,Lord of War,2005,https://boxd.it/284y
2025-08-10,Sunset Boulevard,1950,https://boxd.it/2a20
2025-08-18,The Substance,2024,https://boxd.it/zanS
2025-08-23,Ad Astra,2019,https://boxd.it/ePzI
2025-09-14,A Boy and His Dog,1975,https://boxd.it/23FO
2025-09-14,Notorious,1946,https://boxd.it/2aDK
2025-09-28,Alphaville,1965,https://boxd.it/20AG
2025-10-05,Wolfs,2024,https://boxd.it/x6zG
2025-10-12,Deliverance,1972,https://boxd.it/1VGk
2025-10-12,Suspiria,1977,https://boxd.it/1SNW
2025-10-18,Maximum Overdrive,1986,https://boxd.it/1XnO
2025-10-26,Goodnight Mommy,2014,https://boxd.it/8Niy
2025-11-01,The Babadook,2014,https://boxd.it/77xu
2025-11-01,The Autopsy of Jane Doe,2016,https://boxd.it/dUu2
